{
  "pylucene": {
    "ndcg@5": 0.685510376807866,
    "ndcg@10": 0.6828001005292995,
    "p@5": 0.677710843373494,
    "p@10": 0.6907958364068518,
    "mrr": 0.8128309154987297,
    "fhr": 1.3993115318416522,
    "unrated@5": 2.1153184165232357,
    "unrated@10": 4.710843373493976
  },
  "pylucene_gpt": {
    "ndcg@5": 0.7574481143595843,
    "ndcg@10": 0.7496590963378755,
    "p@5": 0.7522375215146299,
    "p@10": 0.750193973171598,
    "mrr": 0.8743553061969584,
    "fhr": 1.3838209982788297,
    "unrated@5": 1.9380378657487092,
    "unrated@10": 4.289156626506024
  },
  "pylucene_rerank": {
    "ndcg@5": 0.6629320827973739,
    "ndcg@10": 0.6643643596798818,
    "p@5": 0.6606712564543891,
    "p@10": 0.676590033603803,
    "mrr": 0.7957080641676166,
    "fhr": 1.4784853700516352,
    "unrated@5": 1.9896729776247848,
    "unrated@10": 4.604130808950086
  },
  "pylucene_rerank_gpt": {
    "ndcg@5": 0.7324794426265766,
    "ndcg@10": 0.7261442903938777,
    "p@5": 0.731669535283993,
    "p@10": 0.7275114061688932,
    "mrr": 0.8462462093271043,
    "fhr": 1.4698795180722892,
    "unrated@5": 1.8519793459552496,
    "unrated@10": 4.287435456110155
  }
}